<xml>
	<playlist>
        <title>NHL</title>
        <link>UUqFMzb-4AUf6WAIbl132QKA</link>
        <icon>https://yt3.ggpht.com/ytc/AAUvwnhWSkFaw6417vGavyGCioYahYK8JNxafHmdsxO_4MU=s900-c-k-c0x00ffffff-no-rj</icon>
        <fanart>https://cms.nhl.bamgrid.com/images/photos/316977848/1024x576/cut.jpg</fanart>
    </playlist>
    <playlist>
        <title>UFC</title>
        <link>UUvgfXK4nTYKudb0rFR6noLA</link>
        <icon>https://www.sportstravelmagazine.com/wp-content/uploads/2017/03/UFC-LOGO.png</icon>
        <fanart>https://cdn.mmaweekly.com/wp-content/uploads/2010/11/UFC_Logo_Red.jpg</fanart>
    </playlist>
	<playlist>
        <title>Da Butcher</title>
        <link>UC-jBkGiRokRd-B2ylx1VqJQ</link>
        <icon>https://yt3.ggpht.com/ytc/AAUvwng49xUnx4U3T1rQEnKBp1NLR1zVc6502PcglAThPA=s900-c-k-c0x00ffffff-no-rj</icon>
        <fanart>https://kodiapps.com/ims/dabutcher.png</fanart>
    </playlist>
    <playlist>
        <title>Mr Beast</title>
        <link>UUX6OQ3DkcsbYNE6H8uQQuVA</link>
        <icon>https://yt3.ggpht.com/ytc/AAUvwniEFOinRxSiy4P8PMVW5i0gZ2x0eXeyZ6HQfpnpZw=s900-c-k-c0x00ffffff-no-rj</icon>
        <fanart>https://filmydost.com/wp-content/uploads/2020/05/mrbeast-1280x720.jpg</fanart>
    </playlist>
    <playlist>
        <title>Hair Nation</title>
        <link>https://youtube.com/playlist?list=PL5fRL6A4m-DFddDPJU5Ugr3NRhxrm5GtR</link>
        <icon>https://feeltix.com/uploads/artist/237/photos/hair-nation-chicago-concert-tickets-4.jpg</icon>
        <fanart>https://www.hrhradio.com/contenidos/images/galeriaindex/collage_bandas_home-124430-1.png</fanart>
    </playlist>
    <playlist>
        <title>Hark Rock from the 80s</title>
        <link>https://youtube.com/playlist?list=PLGBuKfnErZlBQm96HtzabZ0dAlzZIJRbw</link>
        <icon>https://www.floopz.com/storage/playlist_media/FVAD6ROqfdsL5bmlW3H4qnwBiMnk0HCF6LoXo4UC.jpg</icon>
        <fanart>https://i.ytimg.com/vi/_zXvg8NejAw/maxresdefault.jpg</fanart>
    </playlist>
    <playlist>
        <title>Kung Fu Movies</title>
        <link>UCENkPf-limfaML7BqVrO9yQ</link>
        <icon>https://feeltix.com/uploads/artist/237/photos/hair-nation-chicago-concert-tickets-4.jpg</icon>
        <fanart>https://www.hrhradio.com/contenidos/images/galeriaindex/collage_bandas_home-124430-1.png</fanart>
    </playlist>
    <playlist>
        <title>Skateboard Videos from the 80s and 90s</title>
        <link>https://youtube.com/playlist?list=PLqzjXFLMyj04hcYSWlM_wKou31k0bAcXK</link>
        <icon>http://www.jenkemmag.com/home/wp-content/uploads/2013/12/ChadMuska_Ollie.jpg</icon>
        <fanart>https://media.newyorker.com/photos/5bc64b8ffeaac92d0fd60e59/master/pass/Louison-Jonah-Hill-mid90s.jpg</fanart>
    </playlist>
    <playlist>
        <link>video/G6dkOollOw0</link>
    </playlist>
    <playlist>
        <link>https://youtu.be/UvKKs1qcbYs</link>
    </playlist>
</xml>