{
    "items": [
        {
            "title": "Music - Smokin Old School",
            "link": "PLZPXCCyZsRZH2R7QEQ_WVXu_bq2k_cYCR",
            "icon": "https://i.imgur.com/xQO8VE3.jpg",
            "fanart": "https://i.imgur.com/xQO8VE3.jpg", 
            "description": "Smokin Old School",
            "type": "playlist"
        },
		{
            "title": "Random 4k - Big Kev",
            "link": "PLIhM97erOwwM2YfgDpV0oA0rJqnhXQXmC",
            "icon": "https://i.imgur.com/x0m6jIZ.png",
            "fanart": "https://i.imgur.com/x0m6jIZ.png",
            "description": "4K Videos",
            "type": "playlist"
        },
        {
            "title": "Music - By Big Kev",
            "link": "PLIhM97erOwwNrksoDBN1iRIAFMsvn4cTq",
            "icon": "https://i.imgur.com/x0m6jIZ.png",
            "fanart": "https://i.imgur.com/x0m6jIZ.png",
            "description": "Music - By Big Kev",
            "type": "playlist"
        },
        {
            "title": "Music - By Big Kev",
            "link": "PLIhM97erOwwPJCnRA22pz0wrg2LTtgUAu",
            "icon": "https://i.imgur.com/x0m6jIZ.png",
            "fanart": "https://i.imgur.com/x0m6jIZ.png",
            "description": "Music - By Big Kev",
            "type": "playlist"
        },
        {
            "title": "Music - By Nature Man",
            "link": "PLNbAVJARvL9fu7AVnlj8c7TI5lCVEvFmP",
            "icon": "https://i.imgur.com/tL7yZEd.png",
            "fanart": "https://i.imgur.com/tL7yZEd.png",
            "description": "Music - By Nature Man",
            "type": "playlist"
        },
		{
            "title": "Island Breeze Movies - Nature Man",
            "link": "PLNbAVJARvL9eJa5YXAwR8IrBYTzFM7csS",
            "icon": "https://i.imgur.com/tL7yZEd.png",
            "fanart": "https://i.imgur.com/tL7yZEd.png",
            "description": "Custom Movies",
            "type": "playlist"
        },
		{
            "title": "Music - The Hermits Rock",
            "link": "PLmOhnL3l1ByiAl-Mc6kg_LE4CVSn5-pXE",
            "icon": "https://i.imgur.com/6fVcUXj.jpg",
            "fanart": "https://i.imgur.com/6fVcUXj.jpg",
            "description": "Custom Music Playlist",
            "type": "playlist"
        },
		{
            "title": "Music - The Hermit",
            "link": "PLmOhnL3l1ByhbkLxnW_s8MpeywztJ4qTN",
            "icon": "https://i.imgur.com/6fVcUXj.jpg",
            "fanart": "https://i.imgur.com/6fVcUXj.jpg",
            "description": "Custom Music Playlist",
            "type": "playlist"
        },
        {
            "title": "Slams Playlists",
            "link": "http://slamiousbuilds.com/blds2/slam_list.json",
            "icon": "https://i.imgur.com/QakdaUb.jpg",
            "fanart": "https://i.imgur.com/QakdaUb.jpg", 
            "description": "Playlists by Slamious",
            "type": "dir"
        }
    ]
}