<?xml version="1.0" encoding="UTF-8" standalone="yes"?>
<addon id="plugin.video.fetchplay" name="Fetch Playlists" version="0.0.9" provider-name="DD Team">
	<requires>
		<import addon="xbmc.python" version="3.0.0"/>
		<import addon="script.module.requests"/>
		<import addon="plugin.video.youtube"/>
	</requires>
	<extension point="xbmc.python.pluginsource" library="addon.py">
		<provides>video</provides>
	</extension>
	<extension point="xbmc.addon.metadata">
		<summary lang="en_GB">Fetch Playlists</summary>
		<description lang="en_GB">Playlists from the Community - Requires a Youtube API</description>
		<platform>all</platform>
		<license>GPL-3.0-or-later</license>
		<website></website>
		<source></source>
		<assets>
			<icon>icon.png</icon>
			<fanart>fanart.jpg</fanart>
		</assets>
	</extension>
</addon>