<xml>
	<playlist>
    <title>Music - Smokin Old School</title>
    <link>PLZPXCCyZsRZH2R7QEQ_WVXu_bq2k_cYCR</link>
    </playlist>

	<playlist>
    <title>Music - BigKev's playlist 1</title>
    <link>PLIhM97erOwwNrksoDBN1iRIAFMsvn4cTq</link>
    </playlist>  

	<playlist>
    <title>Music - Nature Man playlist 1</title>
    <link>PLNbAVJARvL9fu7AVnlj8c7TI5lCVEvFmP</link>
    </playlist>

	<playlist>
    <title>TV - Nature Man playlist 2</title>
    <link>PLNbAVJARvL9eitLSeluPpY-RhPIbAdQpy</link>
    </playlist>
	</xml>