<?xml version="1.0" encoding="UTF-8" standalone="yes"?>
<addon id="plugin.program.doomzdayguiwiz" name="[B][COLOR=white]Doomzday Gui Wizard[/COLOR][/B]" version="2.0.9" provider-name="DD Team">
  <requires>
    <import addon="xbmc.python" version="3.0.0"/>
    <import addon="script.module.six" />
    <import addon="script.module.kodi-six" />
  </requires>
  <extension point="xbmc.python.pluginsource" library="default.py">
        <provides>executable</provides>
  </extension>
  <extension point="xbmc.service" library="startup.py" start="startup" />
  <extension point="xbmc.addon.metadata">
    <summary lang="en">Doomzday GUI Wizard</summary>
    <description lang="en">[COLOR=white]Doomzday Community Builds[/COLOR]</description>
    <platform>all</platform>
    <assets>
				<icon>icon.png</icon>
				<fanart>fanart.jpg</fanart>
				<banner></banner>
				<clearlogo></clearlogo>
				<screenshot></screenshot>
		</assets>
  </extension>
</addon>