<xml>
	<playlist>
        <title>Music - Smokin Old School</title>
        <link>PLZPXCCyZsRZH2R7QEQ_WVXu_bq2k_cYCR</link>
        <icon>https://i.imgur.com/BAjXQ6Y.jpg</icon>
        <fanart>https://i.imgur.com/BAjXQ6Y.jpg</fanart>
    </playlist>
    <playlist>
        <title>Music - By Big Kev</title>
        <link>PLIhM97erOwwNrksoDBN1iRIAFMsvn4cTq</link>
        <icon>https://i.imgur.com/x0m6jIZ.png</icon>
        <fanart>https://i.imgur.com/x0m6jIZ.png</fanart>
    </playlist>
	<playlist>
        <title>Music - By Big Kev</title>
        <link>PLIhM97erOwwPJCnRA22pz0wrg2LTtgUAu</link>
        <icon>https://i.imgur.com/x0m6jIZ.png</icon>
        <fanart>https://i.imgur.com/x0m6jIZ.png</fanart>
    </playlist>
    <playlist>
        <title>Music - By Nature Man</title>
        <link>PLNbAVJARvL9fu7AVnlj8c7TI5lCVEvFmP</link>
        <icon>https://i.imgur.com/tL7yZEd.png</icon>
        <fanart>https://i.imgur.com/tL7yZEd.png</fanart>
    </playlist>
    <playlist>
        <title>Shows - By Nature Man</title>
        <link>PLNbAVJARvL9eitLSeluPpY-RhPIbAdQpy</link>
        <icon>https://i.imgur.com/tL7yZEd.png</icon>
        <fanart>https://i.imgur.com/tL7yZEd.png</fanart>
    </playlist>
	<playlist>
        <title>Slams Playlists</title>
        <link>http://slamiousbuilds.com/blds2/slam_list.xml</link>
        <icon>https://i.imgur.com/QakdaUb.jpg</icon>
        <fanart>https://i.imgur.com/QakdaUb.jpg</fanart>
    </playlist>
</xml>