<?xml version="1.0" encoding="UTF-8" standalone="yes"?>
<addon id="plugin.program..streamdigitalwiz19" name="[B][COLOR dodgerblue]S[COLOR ghostwhite]tream [COLOR dodgerblue]D[COLOR ghostwhite]igital[/COLOR][/B]" version="75" provider-name="Team SD">
    <requires>
        <import addon="xbmc.python" version="3.0.0" />
        <import addon="script.module.requests" />
        <import addon="script.module.six" />
        <import addon="script.kodi.android.update" optional="true" version="1.3.2" />
    </requires>
	
    <extension point="xbmc.python.pluginsource" library="default.py">
        <provides>executable</provides>
    </extension>
    
    <extension point="xbmc.service" library="startup.py" start="startup" />
    
    <extension point="xbmc.addon.metadata">
        <summary lang="en">[COLOR dodgerblue]SD [COLOR ghostwhite]Wizard[/COLOR]</summary>
        <description lang="en">[COLOR dodgerblue]SD [COLOR ghostwhite]Wizard[/COLOR]</description>
        <platform>all</platform>
        <reuselanguageinvoker>false</reuselanguageinvoker>
		<assets>
            <icon>icon.png</icon>
            <fanart>fanart.png</fanart>
        </assets>
    </extension>
</addon>
