<?xml version="1.0" encoding="UTF-8" standalone="yes"?>
<addon id="plugin.program.cobrawizard" name="[COLOR blue]Cobra Themes K21 Wizard[/COLOR]" version="0.0.1.0" provider-name="Cobra">
  <requires>
    <import addon="xbmc.python" version="3.0.0"/>
    <import addon="script.module.six" />
    <import addon="script.module.kodi-six" />
  </requires>
  <extension point="xbmc.python.pluginsource" library="default.py">
        <provides>executable</provides>
  </extension>
  <extension point="xbmc.service" library="startup.py" start="startup" />
  <extension point="xbmc.addon.metadata">
    <summary lang="en">Cobra Themes K21 Wizard</summary>
    <description lang="en">IF YOU LIKE MY THEMES, PLEASE CONSIDER BUYING ME A COFFEE OR A BURGER. {https://BUYMEACOFFEE.COM/THEMES}</description>
    <platform>all</platform>
    <assets>
				<icon>icon.png</icon>
				<fanart>fanart.jpg</fanart>
				<banner></banner>
				<clearlogo></clearlogo>
				<screenshot></screenshot>
		</assets>
  </extension>
</addon>